{
    "configs": [],
    "index": 0,
    "random": true,
    "sysProxyMode": 1,
    "shareOverLan": false,
    "localPort": 1080,
    "localAuthPassword": "HCiuA0GWIMgwYpunRDyTqR9uGg",
    "dnsServer": "",
    "reconnectTimes": 2,
    "balanceAlgorithm": "LowException",
    "randomInGroup": false,
    "TTL": 0,
    "connectTimeout": 5,
    "proxyRuleMode": 2,
    "proxyEnable": false,
    "pacDirectGoProxy": false,
    "proxyType": 0,
    "proxyHost": "",
    "proxyPort": 0,
    "proxyAuthUser": "",
    "proxyAuthPass": "",
    "proxyUserAgent": "",
    "authUser": "",
    "authPass": "",
    "autoBan": false,
    "sameHostForSameTarget": false,
    "keepVisitTime": 180,
    "isHideTips": false,
    "nodeFeedAutoUpdate": true,
    "serverSubscribes": [
        {
            "URL": "https:\/\/ssr.comebey.net\/\/link\/Ka9tCkHD53MLl3tk?sub=1",
            "Group": "comebey",
            "LastUpdateTime": 0
        }
    ],
    "token": [],
    "portMap": []
}